"id","navisid","de","en","desc_de","synonym","desc_en","origindesc","fk_id_parent","gettyaat","gettyaatrelationtype","wikidata","wikidatarelationtype"
"AFBB45",,"hulk√§hnlich","Hulklike","NULL",,"NULL","tblShipType",4,"NULL","NULL","NULL","NULL"
"FFB743",,,,,,,,,,,,
"44240B",,,,,,,,,,,,
"3B4FB0",,,,,,,,,,,,
"182EC7",,,,,,,,,,,,
"B3A3D8",,,,,,,,,,,,
"B01938",,,,,,,,,,,,
"F53256",,,,,,,,,,,,
"ACCC2E",,,,,,,,,,,,
"3CB2A7",,,,,,,,,,,,
"661EE1",,,,,,,,,,,,
"EEE3E7",,,,,,,,,,,,
"4A115A",,,,,,,,,,,,
"7B17C5",,,,,,,,,,,,
"87CFA9",,,,,,,,,,,,
"E8CEE5",,,,,,,,,,,,
"012F39",,,,,,,,,,,,
"F3FE9C",,,,,,,,,,,,
"B50060",,,,,,,,,,,,
"DD7757",,,,,,,,,,,,
"F64F5D",,,,,,,,,,,,
"88B239",,,,,,,,,,,,
"2BCE44",,,,,,,,,,,,
"073A92",,,,,,,,,,,,
"C7FDB3",,,,,,,,,,,,
"50D527",,,,,,,,,,,,
"979D42",,,,,,,,,,,,
"E5C56C",,,,,,,,,,,,
"B81BCF",,,,,,,,,,,,
"FC0B13",,,,,,,,,,,,
"6CE766",,,,,,,,,,,,
"B38A08",,,,,,,,,,,,
"34FABE",,,,,,,,,,,,
"5C4D92",,,,,,,,,,,,
"E02B32",,,,,,,,,,,,
"280AC1",,,,,,,,,,,,
"BB2ECA",,,,,,,,,,,,
"F11D9F",,,,,,,,,,,,
"D64A52",,,,,,,,,,,,
"8B79CF",,,,,,,,,,,,
"B0558E",,,,,,,,,,,,
"166CDF",,,,,,,,,,,,
"C91A5D",,,,,,,,,,,,
"C2A825",,,,,,,,,,,,
"3516DE",,,,,,,,,,,,
"BF6A05",,,,,,,,,,,,
"AA4439",,,,,,,,,,,,
"96D342",,,,,,,,,,,,
"121F15",,,,,,,,,,,,
"24373C",,,,,,,,,,,,
"776D67",,,,,,,,,,,,
"B2A24F",,,,,,,,,,,,
"20A7A7",,,,,,,,,,,,
"B8D2C6",,,,,,,,,,,,
"88D4C2",,,,,,,,,,,,
"D23254",,,,,,,,,,,,
"B6ACD8",,,,,,,,,,,,
"C48985",,,,,,,,,,,,
"12A047",,,,,,,,,,,,
"2C711A",,,,,,,,,,,,
"98759F",,,,,,,,,,,,
"D3FA0E",,,,,,,,,,,,
"7E188E",,,,,,,,,,,,
"865F85",,,,,,,,,,,,
"E13C44",,,,,,,,,,,,
"3B402E",,,,,,,,,,,,
"22A416",,,,,,,,,,,,
"C9302A",,,,,,,,,,,,
"F47100",,,,,,,,,,,,
"AE7CF3",,,,,,,,,,,,
"813DE6",,,,,,,,,,,,
"2180AD",,,,,,,,,,,,
"EDAB53",,,,,,,,,,,,
"E20126",,,,,,,,,,,,
"0D13D7",,,,,,,,,,,,
"83FB05",,,,,,,,,,,,
"33D0D4",,,,,,,,,,,,
"CF5990",,,,,,,,,,,,
"973C2A",,,,,,,,,,,,
"683F3B",,,,,,,,,,,,
"FBB9BF",,,,,,,,,,,,
"FD3B6F",,,,,,,,,,,,
"56F0BB",,,,,,,,,,,,
"E0A132",,,,,,,,,,,,
"1547C3",,,,,,,,,,,,
"21A433",,,,,,,,,,,,
"98C1E8",,,,,,,,,,,,
"5A68F4",,,,,,,,,,,,
"2B9BF7",,,,,,,,,,,,
"FF5D5A",,,,,,,,,,,,
"AF083A",,,,,,,,,,,,
"06A954",,,,,,,,,,,,
"BEF10A",,,,,,,,,,,,
"50CF75",,,,,,,,,,,,
"97FB7A",,,,,,,,,,,,
"BEBA0A",,,,,,,,,,,,
"4E35DC",,,,,,,,,,,,
"191E1D",,,,,,,,,,,,
"EC55EC",,,,,,,,,,,,
"F07B7C",,,,,,,,,,,,
"8AF963",,,,,,,,,,,,
"F2BD09",,,,,,,,,,,,
"74C4D2",,,,,,,,,,,,
"8D2EF8",,,,,,,,,,,,
"0D7AE8",,,,,,,,,,,,
"E80B21",,,,,,,,,,,,
"C364ED",,,,,,,,,,,,
"38A30C",,,,,,,,,,,,
"25AC3A",,,,,,,,,,,,
"713A32",,,,,,,,,,,,
"724F7A",,,,,,,,,,,,
"2BC14F",,,,,,,,,,,,
"F3EB94",,,,,,,,,,,,
"D2D93F",,,,,,,,,,,,
"FB63AB",,,,,,,,,,,,
"707E8D",,,,,,,,,,,,
"984D74",,,,,,,,,,,,
"B6D6B5",,,,,,,,,,,,
"9CC73A",,,,,,,,,,,,
"8E554A",,,,,,,,,,,,
"7EA30D",,,,,,,,,,,,
"E67909",,,,,,,,,,,,
"AA1D44",,,,,,,,,,,,
"D19CA9",,,,,,,,,,,,
"BE71D8",,,,,,,,,,,,
"FFC29C",,,,,,,,,,,,
"1A777C",,,,,,,,,,,,
"3D511E",,,,,,,,,,,,
"A6BA17",,,,,,,,,,,,
"FE2BA0",,,,,,,,,,,,
"3834EC",,,,,,,,,,,,
"9B11D4",,,,,,,,,,,,
"9732D7",,,,,,,,,,,,
"FD3807",,,,,,,,,,,,
"18B01D",,,,,,,,,,,,
"B58CFA",,,,,,,,,,,,
"B5D0DA",,,,,,,,,,,,
"AFB1E9",,,,,,,,,,,,
"AB80B0",,,,,,,,,,,,
"B483F2",,,,,,,,,,,,
"EF5636",,,,,,,,,,,,
"2DAA8D",,,,,,,,,,,,
"7959B7",,,,,,,,,,,,
"05B1F9",,,,,,,,,,,,
"23E548",,,,,,,,,,,,
"3D6C19",,,,,,,,,,,,
"953F13",,,,,,,,,,,,
"51552D",,,,,,,,,,,,
"565B46",,,,,,,,,,,,
"FE551A",,,,,,,,,,,,
"AC44B2",,,,,,,,,,,,
"D38994",,,,,,,,,,,,
"98A0CC",,,,,,,,,,,,
"FB9CBB",,,,,,,,,,,,
"15C797",,,,,,,,,,,,
"1CF020",,,,,,,,,,,,
"049B29",,,,,,,,,,,,
"2D8396",,,,,,,,,,,,
"3580CB",,,,,,,,,,,,
"FBF314",,,,,,,,,,,,
"F27A0A",,,,,,,,,,,,
"40EA38",,,,,,,,,,,,
"4F2D71",,,,,,,,,,,,
"11A681",,,,,,,,,,,,
"2D20B5",,,,,,,,,,,,
"A5D784",,,,,,,,,,,,
"97839E",,,,,,,,,,,,
"5AB2C6",,,,,,,,,,,,
"479AB8",,,,,,,,,,,,
"89D1BE",,,,,,,,,,,,
"5133C5",,,,,,,,,,,,
"3FE599",,,,,,,,,,,,
"2E74C1",,,,,,,,,,,,
"D44878",,,,,,,,,,,,
"627E4D",,,,,,,,,,,,
"2AC25A",,,,,,,,,,,,
"751C53",,,,,,,,,,,,
"DC4BF2",,,,,,,,,,,,
"8ADFD3",,,,,,,,,,,,
"EDEA50",,,,,,,,,,,,
"6F6300",,,,,,,,,,,,
"639D9F",,,,,,,,,,,,
"FD7CE9",,,,,,,,,,,,
"A3F179",,,,,,,,,,,,
"0115A6",,,,,,,,,,,,
"CDBADE",,,,,,,,,,,,
"1C71A9",,,,,,,,,,,,
"6E18AF",,,,,,,,,,,,
"1A3B60",,,,,,,,,,,,
"1C13B8",,,,,,,,,,,,
"8D873A",,,,,,,,,,,,
"54C0CA",,,,,,,,,,,,
"E02242",,,,,,,,,,,,
"59485F",,,,,,,,,,,,
"C596CC",,,,,,,,,,,,
"C53BAB",,,,,,,,,,,,
"4B2D0A",,,,,,,,,,,,
"923CE3",,,,,,,,,,,,
"0AA820",,,,,,,,,,,,
"CFCFE9",,,,,,,,,,,,
"9E9267",,,,,,,,,,,,
"8E66E2",,,,,,,,,,,,
"EC511A",,,,,,,,,,,,
"2F4007",,,,,,,,,,,,
"F445DB",,,,,,,,,,,,
"38391E",,,,,,,,,,,,
"37BF5B",,,,,,,,,,,,
"E76033",,,,,,,,,,,,
"469A2F",,,,,,,,,,,,
"AC2F35",,,,,,,,,,,,
"BB341F",,,,,,,,,,,,
"86C09A",,,,,,,,,,,,
"2B4469",,,,,,,,,,,,
"67ABC7",,,,,,,,,,,,
"F08D42",,,,,,,,,,,,
"FE0F28",,,,,,,,,,,,
"D2360A",,,,,,,,,,,,
"1FF221",,,,,,,,,,,,
"A764E0",,,,,,,,,,,,
"BD8505",,,,,,,,,,,,
"9514ED",,,,,,,,,,,,
"9F5055",,,,,,,,,,,,
"DE394D",,,,,,,,,,,,
"A946AC",,,,,,,,,,,,
"2E63B5",,,,,,,,,,,,
"A604BF",,,,,,,,,,,,
"238C9F",,,,,,,,,,,,
"CC2BE5",,,,,,,,,,,,
"461A41",,,,,,,,,,,,
"D347D8",,,,,,,,,,,,
"2FF149",,,,,,,,,,,,
"C13F60",,,,,,,,,,,,
"0F4B66",,,,,,,,,,,,
"168B5A",,,,,,,,,,,,
"F3E541",,,,,,,,,,,,
"88F95C",,,,,,,,,,,,
"B459EF",,,,,,,,,,,,
"67BD7B",,,,,,,,,,,,
"95C8DB",,,,,,,,,,,,
"13F2B1",,,,,,,,,,,,
"2EBC13",,,,,,,,,,,,
"FAB4C6",,,,,,,,,,,,
"E70570",,,,,,,,,,,,
"4E229B",,,,,,,,,,,,
"596C54",,,,,,,,,,,,
"B4CE22",,,,,,,,,,,,
"EF4B11",,,,,,,,,,,,
"B70122",,,,,,,,,,,,
"129CE9",,,,,,,,,,,,
"C0B7C4",,,,,,,,,,,,
"28559A",,,,,,,,,,,,
"B5BBFE",,,,,,,,,,,,
"89E549",,,,,,,,,,,,
"7B54B5",,,,,,,,,,,,
"FA98A1",,,,,,,,,,,,
"36CF71",,,,,,,,,,,,
"C16477",,,,,,,,,,,,
"964FE9",,,,,,,,,,,,
"0957EE",,,,,,,,,,,,
"CDC006",,,,,,,,,,,,
"18FD9E",,,,,,,,,,,,
"B2BDA9",,,,,,,,,,,,
"C4F968",,,,,,,,,,,,
"87F0CA",,,,,,,,,,,,
"4A461F",,,,,,,,,,,,
"91332F",,,,,,,,,,,,
"994D18",,,,,,,,,,,,
"3B58F7",,,,,,,,,,,,
"0275BB",,,,,,,,,,,,
"E04F7C",,,,,,,,,,,,
"B35EF2",,,,,,,,,,,,
"4F2205",,,,,,,,,,,,
"9019C6",,,,,,,,,,,,
"D881F2",,,,,,,,,,,,
"3F1877",,,,,,,,,,,,
"0CF216",,,,,,,,,,,,
"2AD50B",,,,,,,,,,,,
"893DFE",,,,,,,,,,,,
"266B1F",,,,,,,,,,,,
"3D9AC9",,,,,,,,,,,,
"2B715E",,,,,,,,,,,,
"2EB598",,,,,,,,,,,,
"059A0D",,,,,,,,,,,,
"B5A9E3",,,,,,,,,,,,
"F290CB",,,,,,,,,,,,
"5FFFF6",,,,,,,,,,,,
"AE8E71",,,,,,,,,,,,
"0072CA",,,,,,,,,,,,
"E1CD7A",,,,,,,,,,,,
"7ED448",,,,,,,,,,,,
"9AE18A",,,,,,,,,,,,
"7D8CDB",,,,,,,,,,,,
"4F61B4",,,,,,,,,,,,
"3FBCD8",,,,,,,,,,,,
"35549E",,,,,,,,,,,,
"BF6DEF",,,,,,,,,,,,
"6793EA",,,,,,,,,,,,
"7B1656",,,,,,,,,,,,
"829B80",,,,,,,,,,,,
"4D8D79",,,,,,,,,,,,
"8BB1D4",,,,,,,,,,,,
"02A29E",,,,,,,,,,,,
"DA0E5B",,,,,,,,,,,,
"B5D244",,,,,,,,,,,,
"7B283A",,,,,,,,,,,,
"B91F43",,,,,,,,,,,,
"D88168",,,,,,,,,,,,
"89B22A",,,,,,,,,,,,
"39A736",,,,,,,,,,,,
"7E9EC4",,,,,,,,,,,,
"A3D630",,,,,,,,,,,,
"9CCCEC",,,,,,,,,,,,
"8EA514",,,,,,,,,,,,
"9642BC",,,,,,,,,,,,
"86EC5F",,,,,,,,,,,,
"7E882F",,,,,,,,,,,,
"E4CD88",,,,,,,,,,,,
"C81C66",,,,,,,,,,,,
"4AE228",,,,,,,,,,,,
"6B466F",,,,,,,,,,,,
"72BFE0",,,,,,,,,,,,
"F01D89",,,,,,,,,,,,
"C55E08",,,,,,,,,,,,
"0DE711",,,,,,,,,,,,
"0FDF76",,,,,,,,,,,,
"8E9610",,,,,,,,,,,,
"F9E54D",,,,,,,,,,,,
"C7A09C",,,,,,,,,,,,
"5A024E",,,,,,,,,,,,
"D04A2D",,,,,,,,,,,,
"63E0D4",,,,,,,,,,,,
"27311E",,,,,,,,,,,,
"22B9A7",,,,,,,,,,,,
"0B4A92",,,,,,,,,,,,
"B9C153",,,,,,,,,,,,
"B4CEE6",,,,,,,,,,,,
"0696B1",,,,,,,,,,,,
"17A35E",,,,,,,,,,,,
"217EC5",,,,,,,,,,,,
"63AB42",,,,,,,,,,,,
"609C11",,,,,,,,,,,,
"1A8CDE",,,,,,,,,,,,
"3B7D05",,,,,,,,,,,,
"E1E92E",,,,,,,,,,,,
"6ECFA7",,,,,,,,,,,,
"E14676",,,,,,,,,,,,
"2BEAC7",,,,,,,,,,,,
"ED496F",,,,,,,,,,,,
"C1877F",,,,,,,,,,,,
"81E0CA",,,,,,,,,,,,
"5EB6EC",,,,,,,,,,,,
"D95BCA",,,,,,,,,,,,
"C31638",,,,,,,,,,,,
"BCEBA7",,,,,,,,,,,,
"FE81AB",,,,,,,,,,,,
"809FE2",,,,,,,,,,,,
"E4EB71",,,,,,,,,,,,
"7C0094",,,,,,,,,,,,
"71407F",,,,,,,,,,,,
"26105C",,,,,,,,,,,,
"AE24FB",,,,,,,,,,,,
"B58513",,,,,,,,,,,,
"B92D3C",,,,,,,,,,,,
"A46C35",,,,,,,,,,,,
"CB58E1",,,,,,,,,,,,
"7E2D0B",,,,,,,,,,,,
"B8FFB2",,,,,,,,,,,,
"3D3935",,,,,,,,,,,,
"68CBCE",,,,,,,,,,,,
"E385F0",,,,,,,,,,,,
"9EA62C",,,,,,,,,,,,
"B24B2E",,,,,,,,,,,,
"7E619A",,,,,,,,,,,,
"E85E42",,,,,,,,,,,,
"DC28EA",,,,,,,,,,,,
"C1C14F",,,,,,,,,,,,
"E49AF6",,,,,,,,,,,,
"87BEC7",,,,,,,,,,,,
"B1D757",,,,,,,,,,,,
"86AE4B",,,,,,,,,,,,
"1DD36C",,,,,,,,,,,,
"44350E",,,,,,,,,,,,
"D0A20B",,,,,,,,,,,,
"824C11",,,,,,,,,,,,
"98962F",,,,,,,,,,,,
"101FE3",,,,,,,,,,,,
"CD5539",,,,,,,,,,,,
"78C096",,,,,,,,,,,,
"D4E6D5",,,,,,,,,,,,
"0F6A8F",,,,,,,,,,,,
"06515A",,,,,,,,,,,,
"37E4BF",,,,,,,,,,,,
"BAE601",,,,,,,,,,,,
"C773C3",,,,,,,,,,,,
"6E643B",,,,,,,,,,,,
"1AB330",,,,,,,,,,,,
"CCFB21",,,,,,,,,,,,
"5EA58B",,,,,,,,,,,,
"6F3C08",,,,,,,,,,,,
"AFB616",,,,,,,,,,,,
"EF194D",,,,,,,,,,,,
"34E948",,,,,,,,,,,,
"AFEC33",,,,,,,,,,,,
"944D71",,,,,,,,,,,,
"C14D72",,,,,,,,,,,,
"9637FC",,,,,,,,,,,,
"8069D1",,,,,,,,,,,,
"05B3CA",,,,,,,,,,,,
"236D57",,,,,,,,,,,,
"5A0C56",,,,,,,,,,,,
"E0459A",,,,,,,,,,,,
"3342B2",,,,,,,,,,,,
"C5D6FF",,,,,,,,,,,,
"B67A83",,,,,,,,,,,,
"D2FFF5",,,,,,,,,,,,
"64073B",,,,,,,,,,,,
"CBBC6E",,,,,,,,,,,,
"6FFFFB",,,,,,,,,,,,
"F39108",,,,,,,,,,,,
"939A15",,,,,,,,,,,,
"9FE982",,,,,,,,,,,,
"771B9F",,,,,,,,,,,,
"AAE88D",,,,,,,,,,,,
"63CE60",,,,,,,,,,,,
"109D67",,,,,,,,,,,,
"45B19C",,,,,,,,,,,,
"1FAE6B",,,,,,,,,,,,
"CFA939",,,,,,,,,,,,
"2D1A8E",,,,,,,,,,,,
"7BEECA",,,,,,,,,,,,
"B86849",,,,,,,,,,,,
"71931A",,,,,,,,,,,,
"4E286F",,,,,,,,,,,,
"CE8EED",,,,,,,,,,,,
"E27698",,,,,,,,,,,,
"0C186A",,,,,,,,,,,,
"50E91C",,,,,,,,,,,,
"924CA5",,,,,,,,,,,,
"C29053",,,,,,,,,,,,
"BB2A62",,,,,,,,,,,,
"2D34FA",,,,,,,,,,,,
"CF2501",,,,,,,,,,,,
"987D82",,,,,,,,,,,,
"995F40",,,,,,,,,,,,
"241D73",,,,,,,,,,,,
"18EB27",,,,,,,,,,,,
"A3592C",,,,,,,,,,,,
"2110D8",,,,,,,,,,,,
"6FAD97",,,,,,,,,,,,
"7B47A3",,,,,,,,,,,,
"4F9911",,,,,,,,,,,,
"84F8DD",,,,,,,,,,,,
"A9953F",,,,,,,,,,,,
"A167B4",,,,,,,,,,,,
"CC3614",,,,,,,,,,,,
"CC00D7",,,,,,,,,,,,
"3A9070",,,,,,,,,,,,
"6C3538",,,,,,,,,,,,
"F71EC6",,,,,,,,,,,,
"050A4E",,,,,,,,,,,,
"E19AF2",,,,,,,,,,,,
"D1208E",,,,,,,,,,,,
"987FE9",,,,,,,,,,,,
"C35771",,,,,,,,,,,,
"A9DDF1",,,,,,,,,,,,
"7188AE",,,,,,,,,,,,
"4909B0",,,,,,,,,,,,
"788DEE",,,,,,,,,,,,
"56505E",,,,,,,,,,,,
"E3E63D",,,,,,,,,,,,
"74C2E7",,,,,,,,,,,,
"A59D25",,,,,,,,,,,,
"16ED0C",,,,,,,,,,,,
"1DDF2E",,,,,,,,,,,,
"F1811E",,,,,,,,,,,,
"A6DA02",,,,,,,,,,,,
"6DD192",,,,,,,,,,,,
"09E389",,,,,,,,,,,,
"10CB13",,,,,,,,,,,,
"7A8269",,,,,,,,,,,,
"4F7672",,,,,,,,,,,,
"9B0786",,,,,,,,,,,,
"098FCD",,,,,,,,,,,,
"DBC162",,,,,,,,,,,,
"7BFF30",,,,,,,,,,,,
"90EE2F",,,,,,,,,,,,
"CBF56D",,,,,,,,,,,,
"77281F",,,,,,,,,,,,
"496FC2",,,,,,,,,,,,
"67C89E",,,,,,,,,,,,
"18C5AC",,,,,,,,,,,,
"979EAE",,,,,,,,,,,,
"3D4ADB",,,,,,,,,,,,
"90FE75",,,,,,,,,,,,
"69F6F9",,,,,,,,,,,,
"6A74B4",,,,,,,,,,,,
"B843DB",,,,,,,,,,,,
"533A46",,,,,,,,,,,,
"3D5A86",,,,,,,,,,,,
"AF5669",,,,,,,,,,,,
"F02441",,,,,,,,,,,,
"53BFFF",,,,,,,,,,,,
"D5C850",,,,,,,,,,,,
"37B308",,,,,,,,,,,,
"46EA78",,,,,,,,,,,,
"6F8F4B",,,,,,,,,,,,
"C5F7A9",,,,,,,,,,,,
"67E70B",,,,,,,,,,,,
"B545E2",,,,,,,,,,,,
"814A53",,,,,,,,,,,,
"F6E76E",,,,,,,,,,,,
"F471C2",,,,,,,,,,,,
"1E99B3",,,,,,,,,,,,
"ED4153",,,,,,,,,,,,
"AA8AFB",,,,,,,,,,,,
"B12CD0",,,,,,,,,,,,
"ED7894",,,,,,,,,,,,
"52E0CB",,,,,,,,,,,,
"E84C9B",,,,,,,,,,,,
"E36FFC",,,,,,,,,,,,
"FFC869",,,,,,,,,,,,
"2F3E82",,,,,,,,,,,,
"C0FE76",,,,,,,,,,,,
"CA3848",,,,,,,,,,,,
"47233F",,,,,,,,,,,,
"E947BC",,,,,,,,,,,,
"7FB590",,,,,,,,,,,,
"038EFC",,,,,,,,,,,,
"D8A4D3",,,,,,,,,,,,
"F08EF0",,,,,,,,,,,,
"5E0B8B",,,,,,,,,,,,
"752CAB",,,,,,,,,,,,
"3D5358",,,,,,,,,,,,
"AD852D",,,,,,,,,,,,
"21C0D7",,,,,,,,,,,,
"5A9E5B",,,,,,,,,,,,
"203C0B",,,,,,,,,,,,
"DAF792",,,,,,,,,,,,
"1F414F",,,,,,,,,,,,
"DB2725",,,,,,,,,,,,
"16BC35",,,,,,,,,,,,
"379B1B",,,,,,,,,,,,
"487AE9",,,,,,,,,,,,
"C34D4E",,,,,,,,,,,,
"2FF886",,,,,,,,,,,,
"CC3AC3",,,,,,,,,,,,
"1C46AD",,,,,,,,,,,,
"1BE50F",,,,,,,,,,,,
"10608C",,,,,,,,,,,,
"CAAD17",,,,,,,,,,,,
"F22CFF",,,,,,,,,,,,
"A6A7F4",,,,,,,,,,,,
"783B13",,,,,,,,,,,,
"CF0C03",,,,,,,,,,,,
"2531DF",,,,,,,,,,,,
"D54197",,,,,,,,,,,,
"47E816",,,,,,,,,,,,
"480BBD",,,,,,,,,,,,
"D24347",,,,,,,,,,,,
"0C050D",,,,,,,,,,,,
"2ABC3F",,,,,,,,,,,,
"FC4159",,,,,,,,,,,,
"C5CBCC",,,,,,,,,,,,
"0ECA06",,,,,,,,,,,,
"489FEE",,,,,,,,,,,,
"5191AC",,,,,,,,,,,,
"F77184",,,,,,,,,,,,
"70C2E9",,,,,,,,,,,,
"BBD78E",,,,,,,,,,,,
"0A7923",,,,,,,,,,,,
"2D7BEF",,,,,,,,,,,,
"7A5AFA",,,,,,,,,,,,
"3582D6",,,,,,,,,,,,
"876ECB",,,,,,,,,,,,
"1CB24B",,,,,,,,,,,,
"91B01E",,,,,,,,,,,,
"B1D5B7",,,,,,,,,,,,
"6BCE6D",,,,,,,,,,,,
"06D921",,,,,,,,,,,,
"9C4437",,,,,,,,,,,,
"F76DE1",,,,,,,,,,,,
"A46CA4",,,,,,,,,,,,
"3A060B",,,,,,,,,,,,
"5B404D",,,,,,,,,,,,
"B2400C",,,,,,,,,,,,
"B9264C",,,,,,,,,,,,
"5B8D56",,,,,,,,,,,,
"9A3D76",,,,,,,,,,,,
"5B285A",,,,,,,,,,,,
"77992B",,,,,,,,,,,,
"7DF8DF",,,,,,,,,,,,
"D7D139",,,,,,,,,,,,
"ECD832",,,,,,,,,,,,
"373F7A",,,,,,,,,,,,
"53E8DF",,,,,,,,,,,,
"4BD556",,,,,,,,,,,,
"1476B8",,,,,,,,,,,,
"249D28",,,,,,,,,,,,
"14A9ED",,,,,,,,,,,,
"46EB53",,,,,,,,,,,,
"4E62B3",,,,,,,,,,,,
"65F603",,,,,,,,,,,,
"C0EEC8",,,,,,,,,,,,
"042A76",,,,,,,,,,,,
"AE93BB",,,,,,,,,,,,
"4B4074",,,,,,,,,,,,
"1BC0F6",,,,,,,,,,,,
"D599D2",,,,,,,,,,,,
"A8E23B",,,,,,,,,,,,
"EA91C9",,,,,,,,,,,,
"B7B72F",,,,,,,,,,,,
"227DA9",,,,,,,,,,,,
"91018E",,,,,,,,,,,,
"8A26CD",,,,,,,,,,,,
"CF73B7",,,,,,,,,,,,
"33D019",,,,,,,,,,,,
"2B5BEB",,,,,,,,,,,,
"634F4F",,,,,,,,,,,,
"B048E3",,,,,,,,,,,,
"13E864",,,,,,,,,,,,
"9E14E6",,,,,,,,,,,,
"6CCF99",,,,,,,,,,,,
"1AB09B",,,,,,,,,,,,
"02DDAF",,,,,,,,,,,,
"051B13",,,,,,,,,,,,
"66A9FE",,,,,,,,,,,,
"668B9A",,,,,,,,,,,,
"D357D3",,,,,,,,,,,,
"177F78",,,,,,,,,,,,
"C52C01",,,,,,,,,,,,
"A4A399",,,,,,,,,,,,
"1C4284",,,,,,,,,,,,
"1091A2",,,,,,,,,,,,
"3502A1",,,,,,,,,,,,
"0867F6",,,,,,,,,,,,
"F3548B",,,,,,,,,,,,
"D777EA",,,,,,,,,,,,
"2F3176",,,,,,,,,,,,
"0F9CD1",,,,,,,,,,,,
"E0881E",,,,,,,,,,,,
"66DF13",,,,,,,,,,,,
"02616D",,,,,,,,,,,,
"325AB4",,,,,,,,,,,,
"8EB21E",,,,,,,,,,,,
"C8E75C",,,,,,,,,,,,
"E310D2",,,,,,,,,,,,
"9C9CE7",,,,,,,,,,,,
"E722CF",,,,,,,,,,,,
"92FA6D",,,,,,,,,,,,
"3A7E81",,,,,,,,,,,,
"42362E",,,,,,,,,,,,
"0A4113",,,,,,,,,,,,
"3D110D",,,,,,,,,,,,
"06C377",,,,,,,,,,,,
"ACE20D",,,,,,,,,,,,
"CBA992",,,,,,,,,,,,
"CB96F6",,,,,,,,,,,,
"1D5B8D",,,,,,,,,,,,
"A1E179",,,,,,,,,,,,
"627C00",,,,,,,,,,,,
"CF5A34",,,,,,,,,,,,
"EB2636",,,,,,,,,,,,
"B19191",,,,,,,,,,,,
"618BAE",,,,,,,,,,,,
"F73126",,,,,,,,,,,,
"48760D",,,,,,,,,,,,
"2DF869",,,,,,,,,,,,
"02A88A",,,,,,,,,,,,
"E62E35",,,,,,,,,,,,
"0A120F",,,,,,,,,,,,
"2DCA96",,,,,,,,,,,,
"23FAE9",,,,,,,,,,,,
"B0D844",,,,,,,,,,,,
"A48342",,,,,,,,,,,,
"3900B3",,,,,,,,,,,,
"3DB6DF",,,,,,,,,,,,
"DBE0E8",,,,,,,,,,,,
"8F956C",,,,,,,,,,,,
"8F264A",,,,,,,,,,,,
"C8CD1A",,,,,,,,,,,,
"E8B9F4",,,,,,,,,,,,
"1F325A",,,,,,,,,,,,
"9D8F7D",,,,,,,,,,,,
"E5119F",,,,,,,,,,,,
"9CC063",,,,,,,,,,,,
"F1D778",,,,,,,,,,,,
"4C6EFE",,,,,,,,,,,,
"F3674C",,,,,,,,,,,,
"7B14BC",,,,,,,,,,,,
"166EEE",,,,,,,,,,,,
"FCCB69",,,,,,,,,,,,
"692C1E",,,,,,,,,,,,
"20D47B",,,,,,,,,,,,
"F6F112",,,,,,,,,,,,
"AA52D3",,,,,,,,,,,,
"0A5A47",,,,,,,,,,,,
"4245A6",,,,,,,,,,,,
"ADE64A",,,,,,,,,,,,
"2E8C8A",,,,,,,,,,,,
"C759CE",,,,,,,,,,,,
"37F976",,,,,,,,,,,,
"F6F0A1",,,,,,,,,,,,
"BE92A1",,,,,,,,,,,,
"44FB86",,,,,,,,,,,,
"34DFEE",,,,,,,,,,,,
"B90AA2",,,,,,,,,,,,
"EA5C5A",,,,,,,,,,,,
"F17E09",,,,,,,,,,,,
"F968BB",,,,,,,,,,,,
"22D628",,,,,,,,,,,,
"8ED398",,,,,,,,,,,,
"CCF7EF",,,,,,,,,,,,
"D4CC9E",,,,,,,,,,,,
"9C4C61",,,,,,,,,,,,
"E935A7",,,,,,,,,,,,
"11DC4C",,,,,,,,,,,,
"541B91",,,,,,,,,,,,
"E21621",,,,,,,,,,,,
"F7C1EB",,,,,,,,,,,,
"EE65C8",,,,,,,,,,,,
"EA1DCB",,,,,,,,,,,,
"4EDF71",,,,,,,,,,,,
"FAC889",,,,,,,,,,,,
"B8645F",,,,,,,,,,,,
"EC6197",,,,,,,,,,,,
"398B46",,,,,,,,,,,,
"AAE910",,,,,,,,,,,,
"6A4BC6",,,,,,,,,,,,
"0473A5",,,,,,,,,,,,
"FC4DFD",,,,,,,,,,,,
"54C69D",,,,,,,,,,,,
"BA08D9",,,,,,,,,,,,
"50F3B2",,,,,,,,,,,,
"8A9395",,,,,,,,,,,,
"7E8399",,,,,,,,,,,,
"4CC06F",,,,,,,,,,,,
"BAD97A",,,,,,,,,,,,
"7355CD",,,,,,,,,,,,
"D86D83",,,,,,,,,,,,
"21DDC5",,,,,,,,,,,,
"44D56B",,,,,,,,,,,,
"4EC031",,,,,,,,,,,,
"08BB23",,,,,,,,,,,,
"0410C6",,,,,,,,,,,,
"AA0714",,,,,,,,,,,,
"0BCA60",,,,,,,,,,,,
"4AF1D8",,,,,,,,,,,,
"C81076",,,,,,,,,,,,
"BC6333",,,,,,,,,,,,
"2DAD99",,,,,,,,,,,,
"CC321A",,,,,,,,,,,,
"5F9667",,,,,,,,,,,,
"424A87",,,,,,,,,,,,
"AB0E01",,,,,,,,,,,,
"5226FC",,,,,,,,,,,,
"6AFFC8",,,,,,,,,,,,
"B5ED9E",,,,,,,,,,,,
"C7D1B7",,,,,,,,,,,,
"748FE0",,,,,,,,,,,,
"50EB0D",,,,,,,,,,,,
"AB07E1",,,,,,,,,,,,
"BF72B3",,,,,,,,,,,,
"1B6F8F",,,,,,,,,,,,
"1B9188",,,,,,,,,,,,
"0DE18E",,,,,,,,,,,,
"DB6BBF",,,,,,,,,,,,
"5E88D2",,,,,,,,,,,,
"9C2447",,,,,,,,,,,,
"2CD2F9",,,,,,,,,,,,
"2D65BF",,,,,,,,,,,,
"89313E",,,,,,,,,,,,
"B68E73",,,,,,,,,,,,
"FE4956",,,,,,,,,,,,
"27E5B6",,,,,,,,,,,,
"CCDEFA",,,,,,,,,,,,
"5B1C1F",,,,,,,,,,,,
"6D29E0",,,,,,,,,,,,
"2F23BA",,,,,,,,,,,,
"1EDB57",,,,,,,,,,,,
"275CA7",,,,,,,,,,,,
"7BD2DF",,,,,,,,,,,,
"316B17",,,,,,,,,,,,
"614BC0",,,,,,,,,,,,
"42D843",,,,,,,,,,,,
"2392FE",,,,,,,,,,,,
"0E91BB",,,,,,,,,,,,
"56884D",,,,,,,,,,,,
"F3D2B4",,,,,,,,,,,,
"E7DD1E",,,,,,,,,,,,
"D3FBA2",,,,,,,,,,,,
"5C7714",,,,,,,,,,,,
"C7909F",,,,,,,,,,,,
"0C1C25",,,,,,,,,,,,
"AC25C1",,,,,,,,,,,,
"4C6AA4",,,,,,,,,,,,
"F11BFA",,,,,,,,,,,,
"E4370C",,,,,,,,,,,,
"6D07AC",,,,,,,,,,,,
"F24B97",,,,,,,,,,,,
"2F0832",,,,,,,,,,,,
"4010BE",,,,,,,,,,,,
"F9AA7B",,,,,,,,,,,,
"480E2B",,,,,,,,,,,,
"89B7EB",,,,,,,,,,,,
"343C80",,,,,,,,,,,,
"1E08FE",,,,,,,,,,,,
"9A2002",,,,,,,,,,,,
"FAFAAD",,,,,,,,,,,,
"76ED6C",,,,,,,,,,,,
"7B995E",,,,,,,,,,,,
"0FD1DF",,,,,,,,,,,,
"50AD0D",,,,,,,,,,,,
"4B8BA5",,,,,,,,,,,,
"DD50E5",,,,,,,,,,,,
"8752CF",,,,,,,,,,,,
"6473AE",,,,,,,,,,,,
"CC6B79",,,,,,,,,,,,
"EB157D",,,,,,,,,,,,
"52FEB5",,,,,,,,,,,,
"5F303E",,,,,,,,,,,,
"2C0584",,,,,,,,,,,,
"9BAAD9",,,,,,,,,,,,
"5D999E",,,,,,,,,,,,
"E2A1F3",,,,,,,,,,,,
"B1BABB",,,,,,,,,,,,
"283C54",,,,,,,,,,,,
"EB3EFE",,,,,,,,,,,,
"359B0E",,,,,,,,,,,,
"A223AA",,,,,,,,,,,,
"608FAE",,,,,,,,,,,,
"B31654",,,,,,,,,,,,
"01B355",,,,,,,,,,,,
"EABACB",,,,,,,,,,,,
"8BC44F",,,,,,,,,,,,
"82005D",,,,,,,,,,,,
"AAC6A2",,,,,,,,,,,,
"7AC19C",,,,,,,,,,,,
"CAF848",,,,,,,,,,,,
"410EB9",,,,,,,,,,,,
"D612F4",,,,,,,,,,,,
"76913B",,,,,,,,,,,,
"2CBD89",,,,,,,,,,,,
"CD5D74",,,,,,,,,,,,
"6A8C3C",,,,,,,,,,,,
"E23B95",,,,,,,,,,,,
"D3736A",,,,,,,,,,,,
"CD7665",,,,,,,,,,,,
"41170D",,,,,,,,,,,,
"73C444",,,,,,,,,,,,
"E66E11",,,,,,,,,,,,
"5455DF",,,,,,,,,,,,
"C1D79D",,,,,,,,,,,,
"60EC1F",,,,,,,,,,,,
"84C273",,,,,,,,,,,,
"04AE14",,,,,,,,,,,,
"9C0A31",,,,,,,,,,,,
"C19E7D",,,,,,,,,,,,
"DED0F5",,,,,,,,,,,,
"B2037D",,,,,,,,,,,,
"C00E61",,,,,,,,,,,,
"7CBCBF",,,,,,,,,,,,
"F05AAD",,,,,,,,,,,,
"A5BF96",,,,,,,,,,,,
"311DB2",,,,,,,,,,,,
"F35285",,,,,,,,,,,,
"8E58C1",,,,,,,,,,,,
"1D6D5E",,,,,,,,,,,,
"96B082",,,,,,,,,,,,
"6793ED",,,,,,,,,,,,
"0BECCE",,,,,,,,,,,,
"2B733A",,,,,,,,,,,,
"D3ECD2",,,,,,,,,,,,
"5F3610",,,,,,,,,,,,
"5C8F5C",,,,,,,,,,,,
"E55BDF",,,,,,,,,,,,
"3C9624",,,,,,,,,,,,
"FB6DAF",,,,,,,,,,,,
"D58339",,,,,,,,,,,,
"E04B50",,,,,,,,,,,,
"EFBCE0",,,,,,,,,,,,
"45FE77",,,,,,,,,,,,
"010ECD",,,,,,,,,,,,
"07BABC",,,,,,,,,,,,
"3949DB",,,,,,,,,,,,
"952DC8",,,,,,,,,,,,
"0FC59D",,,,,,,,,,,,
"6ED3F4",,,,,,,,,,,,
"98D88D",,,,,,,,,,,,
"B6D5D2",,,,,,,,,,,,
"4C04FD",,,,,,,,,,,,
"7F706A",,,,,,,,,,,,
"984DE7",,,,,,,,,,,,
"4C6941",,,,,,,,,,,,
"C2853C",,,,,,,,,,,,
"65C4E4",,,,,,,,,,,,
"D3ECCB",,,,,,,,,,,,
"91DFD2",,,,,,,,,,,,
"9E8CB0",,,,,,,,,,,,
"DA00C3",,,,,,,,,,,,
"BBD262",,,,,,,,,,,,
"CB1D47",,,,,,,,,,,,
"A36192",,,,,,,,,,,,
"D41CE5",,,,,,,,,,,,
"76BD71",,,,,,,,,,,,
"22DEEA",,,,,,,,,,,,
"5B3950",,,,,,,,,,,,
"9CC9AD",,,,,,,,,,,,
"3E623C",,,,,,,,,,,,
"7FDD49",,,,,,,,,,,,
"EE72D4",,,,,,,,,,,,
"44A575",,,,,,,,,,,,
"5F0D04",,,,,,,,,,,,
"5C84DF",,,,,,,,,,,,
"DFCA8F",,,,,,,,,,,,
"93C598",,,,,,,,,,,,
"2E9891",,,,,,,,,,,,
"388F39",,,,,,,,,,,,
"1C2CB5",,,,,,,,,,,,
"88A868",,,,,,,,,,,,
"AAC4A6",,,,,,,,,,,,
"02DB96",,,,,,,,,,,,
"C566E0",,,,,,,,,,,,
"2658D7",,,,,,,,,,,,
"0D7D2D",,,,,,,,,,,,
"061A42",,,,,,,,,,,,
"5E3CC7",,,,,,,,,,,,
"A3B023",,,,,,,,,,,,
"1C6120",,,,,,,,,,,,
"A0D274",,,,,,,,,,,,
"3555A8",,,,,,,,,,,,
"F2BD76",,,,,,,,,,,,
"8EC448",,,,,,,,,,,,
"1C730F",,,,,,,,,,,,
"B765E9",,,,,,,,,,,,
"3FDFAE",,,,,,,,,,,,
"2A092D",,,,,,,,,,,,
"F9905B",,,,,,,,,,,,
"6D4676",,,,,,,,,,,,
"B54412",,,,,,,,,,,,
"C2D442",,,,,,,,,,,,
"602C50",,,,,,,,,,,,
"B5C96E",,,,,,,,,,,,
"9016BC",,,,,,,,,,,,
"F705E8",,,,,,,,,,,,
"3B3905",,,,,,,,,,,,
"82D9E4",,,,,,,,,,,,
"55A049",,,,,,,,,,,,
"6DC6F8",,,,,,,,,,,,
"9A0209",,,,,,,,,,,,
"622E0B",,,,,,,,,,,,
"95AE2B",,,,,,,,,,,,
"9F3BC3",,,,,,,,,,,,
"A177C7",,,,,,,,,,,,
"37AEE1",,,,,,,,,,,,
"8649B0",,,,,,,,,,,,
"6A2F05",,,,,,,,,,,,
"9B962D",,,,,,,,,,,,
"B10178",,,,,,,,,,,,
"19E966",,,,,,,,,,,,
"49C3EB",,,,,,,,,,,,
"1BB737",,,,,,,,,,,,
"B0EED2",,,,,,,,,,,,
"8D8C1D",,,,,,,,,,,,
"B56C1E",,,,,,,,,,,,
"582F55",,,,,,,,,,,,
"49A520",,,,,,,,,,,,
"4D9851",,,,,,,,,,,,
"8F652B",,,,,,,,,,,,
"410F28",,,,,,,,,,,,
"3D6357",,,,,,,,,,,,
"118F3F",,,,,,,,,,,,
"F05B83",,,,,,,,,,,,
"9D818D",,,,,,,,,,,,
"57B27E",,,,,,,,,,,,
"5CF61B",,,,,,,,,,,,
"3BA885",,,,,,,,,,,,
"0D74FC",,,,,,,,,,,,
"A09C7D",,,,,,,,,,,,
"C0AEFE",,,,,,,,,,,,
"93FEFE",,,,,,,,,,,,
"137FC7",,,,,,,,,,,,
"FF8FF5",,,,,,,,,,,,
"D84A11",,,,,,,,,,,,
"ACCE43",,,,,,,,,,,,
"075CC5",,,,,,,,,,,,
"B47A31",,,,,,,,,,,,
"4D9B3F",,,,,,,,,,,,
"75C055",,,,,,,,,,,,
"66508C",,,,,,,,,,,,
"8F63EC",,,,,,,,,,,,
"7041C3",,,,,,,,,,,,
"1F4C56",,,,,,,,,,,,
"8A12C9",,,,,,,,,,,,
"112AEF",,,,,,,,,,,,
"0A10D3",,,,,,,,,,,,
"B35E57",,,,,,,,,,,,
"33011B",,,,,,,,,,,,
"875B97",,,,,,,,,,,,
"8C779D",,,,,,,,,,,,
"99D877",,,,,,,,,,,,
"003A90",,,,,,,,,,,,
"BB145E",,,,,,,,,,,,
"51CFFC",,,,,,,,,,,,
"EA257B",,,,,,,,,,,,
"5CBD05",,,,,,,,,,,,
"0034DD",,,,,,,,,,,,
"68F886",,,,,,,,,,,,
"3A4C7A",,,,,,,,,,,,
"6949F4",,,,,,,,,,,,
"C1E7D3",,,,,,,,,,,,
"4C1C70",,,,,,,,,,,,
"B1B49A",,,,,,,,,,,,
"9C5D9E",,,,,,,,,,,,
"E044C4",,,,,,,,,,,,
"0916A7",,,,,,,,,,,,
"4C8EDF",,,,,,,,,,,,
"B23A13",,,,,,,,,,,,
"E8A26C",,,,,,,,,,,,
"18CBC4",,,,,,,,,,,,
"9B4A38",,,,,,,,,,,,
"EE3329",,,,,,,,,,,,
"2CB3D1",,,,,,,,,,,,
"2A3A8F",,,,,,,,,,,,
"DE844B",,,,,,,,,,,,
"41C80A",,,,,,,,,,,,
"F3D804",,,,,,,,,,,,
"8D13E9",,,,,,,,,,,,
"786EEF",,,,,,,,,,,,
"ECE25D",,,,,,,,,,,,
"9B84CE",,,,,,,,,,,,
"84063B",,,,,,,,,,,,
"DA6D08",,,,,,,,,,,,
"0DCEC9",,,,,,,,,,,,
"55C7E3",,,,,,,,,,,,
"2A3A39",,,,,,,,,,,,
"7F9BB1",,,,,,,,,,,,
"1D5CED",,,,,,,,,,,,
"206C6A",,,,,,,,,,,,
"25CFE4",,,,,,,,,,,,
"30384A",,,,,,,,,,,,
"201B84",,,,,,,,,,,,
"0A785E",,,,,,,,,,,,
"0DC3DB",,,,,,,,,,,,
"9A8043",,,,,,,,,,,,
"105FE5",,,,,,,,,,,,
"69E0FD",,,,,,,,,,,,
"0BAEAB",,,,,,,,,,,,
"C209C6",,,,,,,,,,,,
"6C8AAE",,,,,,,,,,,,
"6A36ED",,,,,,,,,,,,
"CF3CE0",,,,,,,,,,,,
"D78E37",,,,,,,,,,,,
"8A471F",,,,,,,,,,,,
"E79995",,,,,,,,,,,,
"0F49CA",,,,,,,,,,,,
"27EB2C",,,,,,,,,,,,
"E2D71E",,,,,,,,,,,,
"A79D59",,,,,,,,,,,,
"A71386",,,,,,,,,,,,
"A79FB6",,,,,,,,,,,,
"FF6F8E",,,,,,,,,,,,
"762DEA",,,,,,,,,,,,
"A7F441",,,,,,,,,,,,
"4D0F38",,,,,,,,,,,,
"8B4DC8",,,,,,,,,,,,
"CC40EB",,,,,,,,,,,,
"88E40F",,,,,,,,,,,,
"174DB2",,,,,,,,,,,,
"F70849",,,,,,,,,,,,
"46683D",,,,,,,,,,,,
"AC7FA7",,,,,,,,,,,,
"9ABAA1",,,,,,,,,,,,
"5D36D4",,,,,,,,,,,,
"CFD425",,,,,,,,,,,,
"EA0361",,,,,,,,,,,,
"08C3BF",,,,,,,,,,,,
"6C6747",,,,,,,,,,,,
"5B3F2D",,,,,,,,,,,,
"0D320E",,,,,,,,,,,,
"E0C183",,,,,,,,,,,,
"8F6A5D",,,,,,,,,,,,
"9693DE",,,,,,,,,,,,
"16EFB5",,,,,,,,,,,,
"C9B95A",,,,,,,,,,,,
"20D695",,,,,,,,,,,,
"7D3929",,,,,,,,,,,,
"94AE1D",,,,,,,,,,,,
"0D542D",,,,,,,,,,,,
"3F6452",,,,,,,,,,,,
"60E5F7",,,,,,,,,,,,
"F5CE5D",,,,,,,,,,,,
"DBABD2",,,,,,,,,,,,
"F274A1",,,,,,,,,,,,
"5A7168",,,,,,,,,,,,
"8E6D08",,,,,,,,,,,,
"FEF3B7",,,,,,,,,,,,
"372ED6",,,,,,,,,,,,
"F57352",,,,,,,,,,,,
"1D9B0E",,,,,,,,,,,,
"A6893F",,,,,,,,,,,,
"EFE386",,,,,,,,,,,,
"A4FF96",,,,,,,,,,,,
"03FE95",,,,,,,,,,,,
"3F9C5F",,,,,,,,,,,,
"BF6B24",,,,,,,,,,,,
"FCAE5D",,,,,,,,,,,,
"BEAD83",,,,,,,,,,,,
"DEEA9A",,,,,,,,,,,,
"46B282",,,,,,,,,,,,
"CD7E6F",,,,,,,,,,,,
"F352A1",,,,,,,,,,,,
"1DB4FC",,,,,,,,,,,,
"B955D5",,,,,,,,,,,,
"FC9C1B",,,,,,,,,,,,
"C6D6E9",,,,,,,,,,,,
"D2074A",,,,,,,,,,,,
"DB6E95",,,,,,,,,,,,
"9D0EBF",,,,,,,,,,,,
"54B3A7",,,,,,,,,,,,
"5DD768",,,,,,,,,,,,
"4BDAD8",,,,,,,,,,,,
"AFC440",,,,,,,,,,,,
"8FE05C",,,,,,,,,,,,
"EA09D7",,,,,,,,,,,,
"0A5B93",,,,,,,,,,,,
"18AD04",,,,,,,,,,,,
"2A6F63",,,,,,,,,,,,
"EB0B32",,,,,,,,,,,,
"41B151",,,,,,,,,,,,
"0A1580",,,,,,,,,,,,
"9D7D8A",,,,,,,,,,,,
"B45D63",,,,,,,,,,,,
"DF9DF6",,,,,,,,,,,,
"17FEA1",,,,,,,,,,,,
"51A464",,,,,,,,,,,,
"3B4011",,,,,,,,,,,,
"A658D4",,,,,,,,,,,,
"2FF4DC",,,,,,,,,,,,
"22E0CF",,,,,,,,,,,,
"DD1AA5",,,,,,,,,,,,
"9602F5",,,,,,,,,,,,
"4D8802",,,,,,,,,,,,
"94F4CD",,,,,,,,,,,,
"7DE574",,,,,,,,,,,,
"DE6057",,,,,,,,,,,,
"E75ACD",,,,,,,,,,,,
"FB5CA0",,,,,,,,,,,,
"E7C609",,,,,,,,,,,,
"D37BDE",,,,,,,,,,,,
"DC7EF7",,,,,,,,,,,,
"6DE83A",,,,,,,,,,,,
"68821E",,,,,,,,,,,,
"1CCB0C",,,,,,,,,,,,
"652FF9",,,,,,,,,,,,
"5B4F46",,,,,,,,,,,,
"6D34B7",,,,,,,,,,,,
"ED1E4B",,,,,,,,,,,,
"ED2D7D",,,,,,,,,,,,
"7D014F",,,,,,,,,,,,
"666D7F",,,,,,,,,,,,
"264FFB",,,,,,,,,,,,
"F3FFF1",,,,,,,,,,,,
"A50AE0",,,,,,,,,,,,
"30A7A8",,,,,,,,,,,,
"B85031",,,,,,,,,,,,
"9F44EC",,,,,,,,,,,,
"14752F",,,,,,,,,,,,
"B23223",,,,,,,,,,,,
"8F16DC",,,,,,,,,,,,
"C68276",,,,,,,,,,,,
"0ED407",,,,,,,,,,,,
"E6B712",,,,,,,,,,,,
"F1E1FA",,,,,,,,,,,,
"662C42",,,,,,,,,,,,
"7C9B0A",,,,,,,,,,,,
"871FE8",,,,,,,,,,,,
"B16664",,,,,,,,,,,,
"8265D8",,,,,,,,,,,,
"B1B142",,,,,,,,,,,,
"06AB0F",,,,,,,,,,,,
"5BE4E5",,,,,,,,,,,,
"BCA043",,,,,,,,,,,,
"4F6943",,,,,,,,,,,,
"C31A0B",,,,,,,,,,,,
"E41D06",,,,,,,,,,,,
"D314EC",,,,,,,,,,,,
"589A38",,,,,,,,,,,,
"4DD04D",,,,,,,,,,,,
"C81497",,,,,,,,,,,,
"257D8B",,,,,,,,,,,,
"00234E",,,,,,,,,,,,
"B864B7",,,,,,,,,,,,
"9B1681",,,,,,,,,,,,
"225B5D",,,,,,,,,,,,
"4CB908",,,,,,,,,,,,
"C0E2E2",,,,,,,,,,,,
"C629B0",,,,,,,,,,,,
"C243DE",,,,,,,,,,,,
"F1311E",,,,,,,,,,,,
"FF3919",,,,,,,,,,,,
"4E4CB9",,,,,,,,,,,,
"F79098",,,,,,,,,,,,
"24FC0D",,,,,,,,,,,,
"9AE0CD",,,,,,,,,,,,
"AE7A74",,,,,,,,,,,,
"52D0DD",,,,,,,,,,,,
"B1A857",,,,,,,,,,,,
"753EC3",,,,,,,,,,,,
"CB2E19",,,,,,,,,,,,
"D86EE7",,,,,,,,,,,,
"72F3C5",,,,,,,,,,,,
"8FC6A5",,,,,,,,,,,,
"60DC15",,,,,,,,,,,,
"19FFA1",,,,,,,,,,,,
"391BCD",,,,,,,,,,,,
"C152EF",,,,,,,,,,,,
"94BEC0",,,,,,,,,,,,
"46A12A",,,,,,,,,,,,
"83531E",,,,,,,,,,,,
"C52F01",,,,,,,,,,,,
"3DB930",,,,,,,,,,,,
"5C8ECC",,,,,,,,,,,,
"6A1C30",,,,,,,,,,,,
"F12ABF",,,,,,,,,,,,
"C040AC",,,,,,,,,,,,
"BEA2A1",,,,,,,,,,,,
"48D177",,,,,,,,,,,,
"B7C16C",,,,,,,,,,,,
"02A6AC",,,,,,,,,,,,
"B22F79",,,,,,,,,,,,
"D1F2AE",,,,,,,,,,,,
"5FF355",,,,,,,,,,,,
"34B306",,,,,,,,,,,,
"7E1E42",,,,,,,,,,,,
"3D6034",,,,,,,,,,,,
"075DB6",,,,,,,,,,,,
"51286F",,,,,,,,,,,,
"567EAA",,,,,,,,,,,,
"7F1942",,,,,,,,,,,,
"40054F",,,,,,,,,,,,
"89CE22",,,,,,,,,,,,
"BA2006",,,,,,,,,,,,
"82421C",,,,,,,,,,,,
"F2608E",,,,,,,,,,,,
"B56923",,,,,,,,,,,,
"132F85",,,,,,,,,,,,
"86C7E9",,,,,,,,,,,,
"CC5AC7",,,,,,,,,,,,
"5000FE",,,,,,,,,,,,
"12A042",,,,,,,,,,,,
"EF3864",,,,,,,,,,,,
"68E7D6",,,,,,,,,,,,
"CAB53D",,,,,,,,,,,,
"623CF1",,,,,,,,,,,,
"24F988",,,,,,,,,,,,
"19F3AB",,,,,,,,,,,,
"6D2186",,,,,,,,,,,,
"5CF016",,,,,,,,,,,,
"0BBA8F",,,,,,,,,,,,
"E3013E",,,,,,,,,,,,
"FD497E",,,,,,,,,,,,
"CB8EA0",,,,,,,,,,,,
"1CA0C6",,,,,,,,,,,,
"ED052A",,,,,,,,,,,,
"6DD7DF",,,,,,,,,,,,
"35D322",,,,,,,,,,,,
"60C25C",,,,,,,,,,,,
"F1CD4B",,,,,,,,,,,,
"12D8F6",,,,,,,,,,,,
"73A788",,,,,,,,,,,,
"7B7C53",,,,,,,,,,,,
"8F4C84",,,,,,,,,,,,
"F7B742",,,,,,,,,,,,
"78F022",,,,,,,,,,,,
"94B0F8",,,,,,,,,,,,
"65B95D",,,,,,,,,,,,
"E9BDDA",,,,,,,,,,,,
"1301F4",,,,,,,,,,,,
"E6764B",,,,,,,,,,,,
"5AF810",,,,,,,,,,,,
"874D49",,,,,,,,,,,,
"0B9B5A",,,,,,,,,,,,
"043D64",,,,,,,,,,,,
"20991E",,,,,,,,,,,,
"51A9BE",,,,,,,,,,,,
"74DA5F",,,,,,,,,,,,
"13AABB",,,,,,,,,,,,
"A8B97C",,,,,,,,,,,,
"F4D6BC",,,,,,,,,,,,
"ED031F",,,,,,,,,,,,
"23EB83",,,,,,,,,,,,
"A5F6C7",,,,,,,,,,,,
"DCB83D",,,,,,,,,,,,
"67A9F8",,,,,,,,,,,,
"D278D8",,,,,,,,,,,,
"5A485B",,,,,,,,,,,,
"519AA8",,,,,,,,,,,,
"15CFF9",,,,,,,,,,,,
"9587A1",,,,,,,,,,,,
"C95B4B",,,,,,,,,,,,
"34A702",,,,,,,,,,,,
"A485FB",,,,,,,,,,,,
"CCD285",,,,,,,,,,,,
"1E90C6",,,,,,,,,,,,
"A71D71",,,,,,,,,,,,
"0A3E02",,,,,,,,,,,,
"535D6D",,,,,,,,,,,,
"9C9C99",,,,,,,,,,,,
"869E8E",,,,,,,,,,,,
"89EE0D",,,,,,,,,,,,
"E3D1EB",,,,,,,,,,,,
"E74A40",,,,,,,,,,,,
"54C7B6",,,,,,,,,,,,
"1220A3",,,,,,,,,,,,
"83A552",,,,,,,,,,,,
"ED7114",,,,,,,,,,,,
"1D827C",,,,,,,,,,,,
"9952D8",,,,,,,,,,,,
"7B75A7",,,,,,,,,,,,
"D2BF60",,,,,,,,,,,,
"C809F5",,,,,,,,,,,,
"5A5957",,,,,,,,,,,,
"7A2B58",,,,,,,,,,,,
"A19586",,,,,,,,,,,,
"A0494E",,,,,,,,,,,,
"2AFC8F",,,,,,,,,,,,
"DE95A4",,,,,,,,,,,,
"3E91C1",,,,,,,,,,,,
"4D50CB",,,,,,,,,,,,
"FB2CB4",,,,,,,,,,,,
"0FE53F",,,,,,,,,,,,
"541D23",,,,,,,,,,,,
"B7855D",,,,,,,,,,,,
"55EEF8",,,,,,,,,,,,
"9ED5D5",,,,,,,,,,,,
"3E3C68",,,,,,,,,,,,
"3AB449",,,,,,,,,,,,
"A12AF8",,,,,,,,,,,,
"CA8438",,,,,,,,,,,,
"35B337",,,,,,,,,,,,
"4C08A1",,,,,,,,,,,,
"F9F977",,,,,,,,,,,,
"8BFE91",,,,,,,,,,,,
"75556F",,,,,,,,,,,,
"52542B",,,,,,,,,,,,
"D05E96",,,,,,,,,,,,
"48C5EC",,,,,,,,,,,,
"071FB5",,,,,,,,,,,,
"04FD17",,,,,,,,,,,,
"53A8FC",,,,,,,,,,,,
"1723CB",,,,,,,,,,,,
"67D310",,,,,,,,,,,,
"27963D",,,,,,,,,,,,
"530D54",,,,,,,,,,,,
"1790C8",,,,,,,,,,,,
"5F0698",,,,,,,,,,,,
"8BA904",,,,,,,,,,,,
"9BB72B",,,,,,,,,,,,
"BDF344",,,,,,,,,,,,
"FF9A7B",,,,,,,,,,,,
"ECC6D6",,,,,,,,,,,,
"6FBC15",,,,,,,,,,,,
"907DC5",,,,,,,,,,,,
"60B1CD",,,,,,,,,,,,
"BA4938",,,,,,,,,,,,
"DF6C24",,,,,,,,,,,,
"4E716E",,,,,,,,,,,,
"73C568",,,,,,,,,,,,
"2C618D",,,,,,,,,,,,
"DD3CD7",,,,,,,,,,,,
"A6A5E8",,,,,,,,,,,,
"4CC028",,,,,,,,,,,,
"48C76A",,,,,,,,,,,,
"BD54D2",,,,,,,,,,,,
"460C10",,,,,,,,,,,,
"7AA644",,,,,,,,,,,,
"CA9F53",,,,,,,,,,,,
"395D28",,,,,,,,,,,,
"FFEE90",,,,,,,,,,,,
"9944D9",,,,,,,,,,,,
"D4CD20",,,,,,,,,,,,
"8A3F42",,,,,,,,,,,,
"8CC10A",,,,,,,,,,,,
"F55993",,,,,,,,,,,,
"D929D9",,,,,,,,,,,,
"58A39C",,,,,,,,,,,,
"3F5CF3",,,,,,,,,,,,
"28D1B1",,,,,,,,,,,,
"2D360E",,,,,,,,,,,,
"1E3C1D",,,,,,,,,,,,
"8E9E5C",,,,,,,,,,,,
"15EF87",,,,,,,,,,,,
"6589D6",,,,,,,,,,,,
"F9485B",,,,,,,,,,,,
"750DEF",,,,,,,,,,,,
"D7F119",,,,,,,,,,,,
"9A0BFE",,,,,,,,,,,,
"D735C6",,,,,,,,,,,,
"AED098",,,,,,,,,,,,
"7194B0",,,,,,,,,,,,
"E1796F",,,,,,,,,,,,
"21C363",,,,,,,,,,,,
"8CBF51",,,,,,,,,,,,
"E6742E",,,,,,,,,,,,
"3A15DA",,,,,,,,,,,,
"C5AC83",,,,,,,,,,,,
"0D1FCB",,,,,,,,,,,,
"DDFD4F",,,,,,,,,,,,
"7E5F67",,,,,,,,,,,,
"C96D3C",,,,,,,,,,,,
"28CD6B",,,,,,,,,,,,
"37E76F",,,,,,,,,,,,
"D64F74",,,,,,,,,,,,
"ACB7E0",,,,,,,,,,,,
"2E1185",,,,,,,,,,,,
"5121C2",,,,,,,,,,,,
"17A1E6",,,,,,,,,,,,
"9537C6",,,,,,,,,,,,
"911A76",,,,,,,,,,,,
"7E084A",,,,,,,,,,,,
"1287C9",,,,,,,,,,,,
"C764F4",,,,,,,,,,,,
"1DA530",,,,,,,,,,,,
"CE236C",,,,,,,,,,,,
"D801C3",,,,,,,,,,,,
"A2ED87",,,,,,,,,,,,
"0F3B0A",,,,,,,,,,,,
"C8A19D",,,,,,,,,,,,
"90F7E0",,,,,,,,,,,,
"96D025",,,,,,,,,,,,
"0E766A",,,,,,,,,,,,
"6EF62F",,,,,,,,,,,,
"5DA4D4",,,,,,,,,,,,
"C92238",,,,,,,,,,,,
"761C51",,,,,,,,,,,,
"25A453",,,,,,,,,,,,
"FB684A",,,,,,,,,,,,
"7E6AA2",,,,,,,,,,,,
"61625C",,,,,,,,,,,,
"443CCE",,,,,,,,,,,,
"6B2C2C",,,,,,,,,,,,
"F5657B",,,,,,,,,,,,
"5EC2C7",,,,,,,,,,,,
"A9B271",,,,,,,,,,,,
"9026A0",,,,,,,,,,,,
"A24CC0",,,,,,,,,,,,
"52CDAD",,,,,,,,,,,,
"5035DC",,,,,,,,,,,,
"BAB57F",,,,,,,,,,,,
"214A47",,,,,,,,,,,,
"BAEA55",,,,,,,,,,,,
"2E12E9",,,,,,,,,,,,
"7E9F8E",,,,,,,,,,,,
"024FBF",,,,,,,,,,,,
"6FDE72",,,,,,,,,,,,
"BFD1D9",,,,,,,,,,,,
"4B5302",,,,,,,,,,,,
"A79DB2",,,,,,,,,,,,
"29028A",,,,,,,,,,,,
"1C582D",,,,,,,,,,,,
"FF3823",,,,,,,,,,,,
"CA5253",,,,,,,,,,,,
"96FE1F",,,,,,,,,,,,
"9C9277",,,,,,,,,,,,
"A63121",,,,,,,,,,,,
"2A6AC3",,,,,,,,,,,,
"B60F90",,,,,,,,,,,,
"0683D8",,,,,,,,,,,,
"9FC77E",,,,,,,,,,,,
"4A9130",,,,,,,,,,,,
"DA7F38",,,,,,,,,,,,
"A9B062",,,,,,,,,,,,
"265A9A",,,,,,,,,,,,
"9F6675",,,,,,,,,,,,
"5C535E",,,,,,,,,,,,
"2283D6",,,,,,,,,,,,
"B5CF15",,,,,,,,,,,,
"CFCCCF",,,,,,,,,,,,
"281B2A",,,,,,,,,,,,
"D17AF9",,,,,,,,,,,,
"880F66",,,,,,,,,,,,
"19C03F",,,,,,,,,,,,
"D9C8D4",,,,,,,,,,,,
"A9F580",,,,,,,,,,,,
"0F4263",,,,,,,,,,,,
"C6E9E7",,,,,,,,,,,,
"E06C68",,,,,,,,,,,,
"81F029",,,,,,,,,,,,
"F62839",,,,,,,,,,,,
"61BF8C",,,,,,,,,,,,
"710BC9",,,,,,,,,,,,
"FF572F",,,,,,,,,,,,
"2E8052",,,,,,,,,,,,
"DD9004",,,,,,,,,,,,
"96DB0F",,,,,,,,,,,,
"1F5071",,,,,,,,,,,,
"79B3CB",,,,,,,,,,,,
"7208BE",,,,,,,,,,,,
"9C8170",,,,,,,,,,,,
"C1E360",,,,,,,,,,,,
"0228D0",,,,,,,,,,,,
"6CDD10",,,,,,,,,,,,
"B20E74",,,,,,,,,,,,
"F96100",,,,,,,,,,,,
"14EB27",,,,,,,,,,,,
"C43068",,,,,,,,,,,,
"DD560E",,,,,,,,,,,,
"2CE70E",,,,,,,,,,,,
"8A8300",,,,,,,,,,,,
"25CC78",,,,,,,,,,,,
"553D4B",,,,,,,,,,,,
"5107D5",,,,,,,,,,,,
"B58797",,,,,,,,,,,,
"8C4F45",,,,,,,,,,,,
"28C9F5",,,,,,,,,,,,
"0FE640",,,,,,,,,,,,
"21332F",,,,,,,,,,,,
"F8936D",,,,,,,,,,,,
"B278CB",,,,,,,,,,,,
"16E8D4",,,,,,,,,,,,
"1DBE6F",,,,,,,,,,,,
"0F0788",,,,,,,,,,,,
"14EC24",,,,,,,,,,,,
"07D934",,,,,,,,,,,,
"63DCDC",,,,,,,,,,,,
"FB84F7",,,,,,,,,,,,
"12ED92",,,,,,,,,,,,
"484F3E",,,,,,,,,,,,
"FF7416",,,,,,,,,,,,
"A7CCC2",,,,,,,,,,,,
"5D5200",,,,,,,,,,,,
"4F11CB",,,,,,,,,,,,
"3C7341",,,,,,,,,,,,
"EF3A8C",,,,,,,,,,,,
"5A43E4",,,,,,,,,,,,
"0F69D3",,,,,,,,,,,,
"017C70",,,,,,,,,,,,
"98D249",,,,,,,,,,,,
"DB6999",,,,,,,,,,,,
"CC0BF8",,,,,,,,,,,,
"70F7A2",,,,,,,,,,,,
"4F8386",,,,,,,,,,,,
"C444C4",,,,,,,,,,,,
"FDE2CA",,,,,,,,,,,,
"B96F8A",,,,,,,,,,,,
"34B95C",,,,,,,,,,,,
"BCB4A4",,,,,,,,,,,,
"FFFC17",,,,,,,,,,,,
"4163EF",,,,,,,,,,,,
"8B815E",,,,,,,,,,,,
"E94F1F",,,,,,,,,,,,
"645C57",,,,,,,,,,,,
"F09AE5",,,,,,,,,,,,
"D1E548",,,,,,,,,,,,
"BB662F",,,,,,,,,,,,
"2C5474",,,,,,,,,,,,
"35C397",,,,,,,,,,,,
"44D490",,,,,,,,,,,,
"8818CE",,,,,,,,,,,,
"DA57E6",,,,,,,,,,,,
"DB8AFC",,,,,,,,,,,,
"F8C2D7",,,,,,,,,,,,
"42891D",,,,,,,,,,,,
"7A1574",,,,,,,,,,,,
"45045C",,,,,,,,,,,,
"9F9678",,,,,,,,,,,,
"DE93EF",,,,,,,,,,,,
"1E3521",,,,,,,,,,,,
"07EE00",,,,,,,,,,,,
"A64AB8",,,,,,,,,,,,
"8AFAA8",,,,,,,,,,,,
"FAF2EC",,,,,,,,,,,,
"F12AD9",,,,,,,,,,,,
"88EB2E",,,,,,,,,,,,
"EC0E28",,,,,,,,,,,,
"782E7F",,,,,,,,,,,,
"218AD5",,,,,,,,,,,,
"0436BD",,,,,,,,,,,,
"D77A6D",,,,,,,,,,,,
"8001A6",,,,,,,,,,,,
"DB068B",,,,,,,,,,,,
"92F5C6",,,,,,,,,,,,
"AD33BA",,,,,,,,,,,,
"43CBC3",,,,,,,,,,,,
"0A0B5C",,,,,,,,,,,,
"E3F079",,,,,,,,,,,,
"CDB841",,,,,,,,,,,,
"F85317",,,,,,,,,,,,
"E30287",,,,,,,,,,,,
"E24A83",,,,,,,,,,,,
"29D2B5",,,,,,,,,,,,
"E47113",,,,,,,,,,,,
"B4604E",,,,,,,,,,,,
"83C57D",,,,,,,,,,,,
"9EB445",,,,,,,,,,,,
"387AA9",,,,,,,,,,,,
"0ABB16",,,,,,,,,,,,
"C5F7E3",,,,,,,,,,,,
"61C8EB",,,,,,,,,,,,
"E59A78",,,,,,,,,,,,
"F5C591",,,,,,,,,,,,
"C9CF2F",,,,,,,,,,,,
"5CD81F",,,,,,,,,,,,
"AEC31C",,,,,,,,,,,,
"BDA2A8",,,,,,,,,,,,
"07B70F",,,,,,,,,,,,
"C42A55",,,,,,,,,,,,
"5C17BF",,,,,,,,,,,,
"2D2867",,,,,,,,,,,,
"C93287",,,,,,,,,,,,
"7DA5EA",,,,,,,,,,,,
"0C2E37",,,,,,,,,,,,
"4213AD",,,,,,,,,,,,
"D4BF19",,,,,,,,,,,,
"A29B32",,,,,,,,,,,,
"D14787",,,,,,,,,,,,
"1323A7",,,,,,,,,,,,
"02B51A",,,,,,,,,,,,
"42A452",,,,,,,,,,,,
"558D1F",,,,,,,,,,,,
"7C7648",,,,,,,,,,,,
"EBAB95",,,,,,,,,,,,
"EC448B",,,,,,,,,,,,
"0D607D",,,,,,,,,,,,
"0E2E0A",,,,,,,,,,,,
"906BE3",,,,,,,,,,,,
"495FF4",,,,,,,,,,,,
"27DC53",,,,,,,,,,,,
"3C77A7",,,,,,,,,,,,
"70F271",,,,,,,,,,,,
"2E5DBD",,,,,,,,,,,,
"453DB9",,,,,,,,,,,,
"4A22F4",,,,,,,,,,,,
"22076D",,,,,,,,,,,,
"D299BF",,,,,,,,,,,,
"AB48FC",,,,,,,,,,,,
"E3026B",,,,,,,,,,,,
